device,family,collected_snapshots_of_this_device,reason,sample_collected_file
Ashburn-CCVA-Primary,ASA,1,"Only a partial/filtered export exists (no interface, zone, or routing sections at all) -- need a full show running-config pull for the real underlying device, not another filtered slice",Ashburn-CCVA-Primary_20260624_070456.config
Ashburn-CCVA-Secondary,ASA,1,"Only a partial/filtered export exists (no interface, zone, or routing sections at all) -- need a full show running-config pull for the real underlying device, not another filtered slice",Ashburn-CCVA-Secondary_20260624_074854.config
Ashburn-Cogito-Primary,ASA,1,"Only a partial/filtered export exists (no interface, zone, or routing sections at all) -- need a full show running-config pull for the real underlying device, not another filtered slice",Ashburn-Cogito-Primary_20260624_090941.config
Ashburn-Cogito-Secondary,ASA,1,"Only a partial/filtered export exists (no interface, zone, or routing sections at all) -- need a full show running-config pull for the real underlying device, not another filtered slice",Ashburn-Cogito-Secondary_20260624_070812.config
Ashburn-GoogleAI-Primary,ASA,1,"Only a partial/filtered export exists (no interface, zone, or routing sections at all) -- need a full show running-config pull for the real underlying device, not another filtered slice",Ashburn-GoogleAI-Primary_20260624_080936.config
Ashburn-GoogleAI-Secondary,ASA,1,"Only a partial/filtered export exists (no interface, zone, or routing sections at all) -- need a full show running-config pull for the real underlying device, not another filtered slice",Ashburn-GoogleAI-Secondary_20260624_073917.config
Ashburn-Medhok-Primary,ASA,1,"Only a partial/filtered export exists (no interface, zone, or routing sections at all) -- need a full show running-config pull for the real underlying device, not another filtered slice",Ashburn-Medhok-Primary_20260624_070958.config
Ashburn-Medhok-Secondary,ASA,1,"Only a partial/filtered export exists (no interface, zone, or routing sections at all) -- need a full show running-config pull for the real underlying device, not another filtered slice",Ashburn-Medhok-Secondary_20260624_095731.config
Ashburn-SAP_Aetna-Primary,ASA,1,"Only a partial/filtered export exists (no interface, zone, or routing sections at all) -- need a full show running-config pull for the real underlying device, not another filtered slice",Ashburn-SAP_Aetna-Primary_20260624_075121.config
Ashburn-SAP_Aetna-Secondary,ASA,1,"Only a partial/filtered export exists (no interface, zone, or routing sections at all) -- need a full show running-config pull for the real underlying device, not another filtered slice",Ashburn-SAP_Aetna-Secondary_20260624_083629.config
Ashburn-Salesforce-Primary,ASA,1,"Only a partial/filtered export exists (no interface, zone, or routing sections at all) -- need a full show running-config pull for the real underlying device, not another filtered slice",Ashburn-Salesforce-Primary_20260624_072932.config
Ashburn-Salesforce-Secondary,ASA,1,"Only a partial/filtered export exists (no interface, zone, or routing sections at all) -- need a full show running-config pull for the real underlying device, not another filtered slice",Ashburn-Salesforce-Secondary_20260624_075747.config
Ashburn-Twilio-Primary,ASA,1,"Only a partial/filtered export exists (no interface, zone, or routing sections at all) -- need a full show running-config pull for the real underlying device, not another filtered slice",Ashburn-Twilio-Primary_20260624_073428.config
Ashburn-Twilio-Secondary,ASA,1,"Only a partial/filtered export exists (no interface, zone, or routing sections at all) -- need a full show running-config pull for the real underlying device, not another filtered slice",Ashburn-Twilio-Secondary_20260624_074728.config
Ashburn-YAVA_Intelepeer-Primary,ASA,1,"Only a partial/filtered export exists (no interface, zone, or routing sections at all) -- need a full show running-config pull for the real underlying device, not another filtered slice",Ashburn-YAVA_Intelepeer-Primary_20260624_075852.config
Ashburn-Yava_Intelepeer-Secondary,ASA,1,"Only a partial/filtered export exists (no interface, zone, or routing sections at all) -- need a full show running-config pull for the real underlying device, not another filtered slice",Ashburn-Yava_Intelepeer-Secondary_20260624_071236.config
CNR-SEC-M1A-WMS-01,ASA,1,"Only a partial/filtered export exists (no interface, zone, or routing sections at all) -- need a full show running-config pull for the real underlying device, not another filtered slice",CNR-SEC-M1A-WMS-01_20260709_071729.config
CNR-SEC-M1A-WMS-02,ASA,1,"Only a partial/filtered export exists (no interface, zone, or routing sections at all) -- need a full show running-config pull for the real underlying device, not another filtered slice",CNR-SEC-M1A-WMS-02_20260708_073259.config
Dallas-CCVA-Primary,ASA,1,"Only a partial/filtered export exists (no interface, zone, or routing sections at all) -- need a full show running-config pull for the real underlying device, not another filtered slice",Dallas-CCVA-Primary_20260624_092457.config
Dallas-CCVA-Secondary,ASA,1,"Only a partial/filtered export exists (no interface, zone, or routing sections at all) -- need a full show running-config pull for the real underlying device, not another filtered slice",Dallas-CCVA-Secondary_20260624_082610.config
Dallas-Cogito-Primary,ASA,1,"Only a partial/filtered export exists (no interface, zone, or routing sections at all) -- need a full show running-config pull for the real underlying device, not another filtered slice",Dallas-Cogito-Primary_20260624_071817.config
Dallas-Cogito-Secondary,ASA,1,"Only a partial/filtered export exists (no interface, zone, or routing sections at all) -- need a full show running-config pull for the real underlying device, not another filtered slice",Dallas-Cogito-Secondary_20260624_082119.config
Dallas-GoogleAI-Primary,ASA,1,"Only a partial/filtered export exists (no interface, zone, or routing sections at all) -- need a full show running-config pull for the real underlying device, not another filtered slice",Dallas-GoogleAI-Primary_20260624_070647.config
Dallas-GoogleAI-Secondary,ASA,1,"Only a partial/filtered export exists (no interface, zone, or routing sections at all) -- need a full show running-config pull for the real underlying device, not another filtered slice",Dallas-GoogleAI-Secondary_20260624_075049.config
Dallas-Medhok-Primary,ASA,1,"Only a partial/filtered export exists (no interface, zone, or routing sections at all) -- need a full show running-config pull for the real underlying device, not another filtered slice",Dallas-Medhok-Primary_20260624_073347.config
Dallas-Medhok-Secondary,ASA,1,"Only a partial/filtered export exists (no interface, zone, or routing sections at all) -- need a full show running-config pull for the real underlying device, not another filtered slice",Dallas-Medhok-Secondary_20260624_082012.config
Dallas-SAP_Aetna-Primary,ASA,1,"Only a partial/filtered export exists (no interface, zone, or routing sections at all) -- need a full show running-config pull for the real underlying device, not another filtered slice",Dallas-SAP_Aetna-Primary_20260624_070818.config
Dallas-SAP_Aetna-Secondary,ASA,1,"Only a partial/filtered export exists (no interface, zone, or routing sections at all) -- need a full show running-config pull for the real underlying device, not another filtered slice",Dallas-SAP_Aetna-Secondary_20260624_071618.config
Dallas-Salesforce-Primary,ASA,1,"Only a partial/filtered export exists (no interface, zone, or routing sections at all) -- need a full show running-config pull for the real underlying device, not another filtered slice",Dallas-Salesforce-Primary_20260624_084713.config
Dallas-Salesforce-Secondray,ASA,1,"Only a partial/filtered export exists (no interface, zone, or routing sections at all) -- need a full show running-config pull for the real underlying device, not another filtered slice",Dallas-Salesforce-Secondray_20260624_084350.config
Dallas-Twilio-Primary,ASA,1,"Only a partial/filtered export exists (no interface, zone, or routing sections at all) -- need a full show running-config pull for the real underlying device, not another filtered slice",Dallas-Twilio-Primary_20260624_072907.config
Dallas-Twilio-Secondary,ASA,1,"Only a partial/filtered export exists (no interface, zone, or routing sections at all) -- need a full show running-config pull for the real underlying device, not another filtered slice",Dallas-Twilio-Secondary_20260624_070049.config
Dallas-YAVA_Intelepeer-Primary,ASA,1,"Only a partial/filtered export exists (no interface, zone, or routing sections at all) -- need a full show running-config pull for the real underlying device, not another filtered slice",Dallas-YAVA_Intelepeer-Primary_20260624_081714.config
Dallas-YAVA_Intelepeer-Secondary,ASA,1,"Only a partial/filtered export exists (no interface, zone, or routing sections at all) -- need a full show running-config pull for the real underlying device, not another filtered slice",Dallas-YAVA_Intelepeer-Secondary_20260624_081048.config
ENN-SEC-M1A-WMS-01,ASA,1,"Only a partial/filtered export exists (no interface, zone, or routing sections at all) -- need a full show running-config pull for the real underlying device, not another filtered slice",ENN-SEC-M1A-WMS-01_20260709_060553.config
ENN-SEC-M1A-WMS-02,ASA,1,"Only a partial/filtered export exists (no interface, zone, or routing sections at all) -- need a full show running-config pull for the real underlying device, not another filtered slice",ENN-SEC-M1A-WMS-02_20260709_065742.config
FRG-SEC-M1A-WMS-01,ASA,1,"Only a partial/filtered export exists (no interface, zone, or routing sections at all) -- need a full show running-config pull for the real underlying device, not another filtered slice",FRG-SEC-M1A-WMS-01_20260709_061432.config
FRG-SEC-M1A-WMS-02,ASA,1,"Only a partial/filtered export exists (no interface, zone, or routing sections at all) -- need a full show running-config pull for the real underlying device, not another filtered slice",FRG-SEC-M1A-WMS-02_20260709_073513.config
GLO-SEC-M1A-WMS-01,ASA,1,"Only a partial/filtered export exists (no interface, zone, or routing sections at all) -- need a full show running-config pull for the real underlying device, not another filtered slice",GLO-SEC-M1A-WMS-01_20260709_071735.config
GLO-SEC-M1A-WMS-02,ASA,1,"Only a partial/filtered export exists (no interface, zone, or routing sections at all) -- need a full show running-config pull for the real underlying device, not another filtered slice",GLO-SEC-M1A-WMS-02_20260709_074121.config
HOL-SEC-M1A-PCI-02,ASA,1,"Only a partial/filtered export exists (no interface, zone, or routing sections at all) -- need a full show running-config pull for the real underlying device, not another filtered slice",HOL-SEC-M1A-PCI-02_20260715_075223.config
INI-SEC-M1A-WMS-01,ASA,1,"Only a partial/filtered export exists (no interface, zone, or routing sections at all) -- need a full show running-config pull for the real underlying device, not another filtered slice",INI-SEC-M1A-WMS-01_20260709_071121.config
INI-SEC-M1A-WMS-02,ASA,1,"Only a partial/filtered export exists (no interface, zone, or routing sections at all) -- need a full show running-config pull for the real underlying device, not another filtered slice",INI-SEC-M1A-WMS-02_20260709_070422.config
JCY-DIC-SEC-01,ASA,1,"Only a partial/filtered export exists (no interface, zone, or routing sections at all) -- need a full show running-config pull for the real underlying device, not another filtered slice",JCY-DIC-SEC-01_20260709_074715.config
JCY-DIC-SEC-02,ASA,1,"Only a partial/filtered export exists (no interface, zone, or routing sections at all) -- need a full show running-config pull for the real underlying device, not another filtered slice",JCY-DIC-SEC-02_20260709_060655.config
KNN-SEC-M1A-WMS-01,ASA,1,"Only a partial/filtered export exists (no interface, zone, or routing sections at all) -- need a full show running-config pull for the real underlying device, not another filtered slice",KNN-SEC-M1A-WMS-01_20260709_065259.config
KNN-SEC-M1A-WMS-02,ASA,1,"Only a partial/filtered export exists (no interface, zone, or routing sections at all) -- need a full show running-config pull for the real underlying device, not another filtered slice",KNN-SEC-M1A-WMS-02_20260709_064139.config
KPL-SEC-M1A-WMS-01,ASA,1,"Only a partial/filtered export exists (no interface, zone, or routing sections at all) -- need a full show running-config pull for the real underlying device, not another filtered slice",KPL-SEC-M1A-WMS-01_20260709_091050.config
KPL-SEC-M1A-WMS-02,ASA,1,"Only a partial/filtered export exists (no interface, zone, or routing sections at all) -- need a full show running-config pull for the real underlying device, not another filtered slice",KPL-SEC-M1A-WMS-02_20260709_064536.config
LDN-SEC-M1A-WMS-01,ASA,1,"Only a partial/filtered export exists (no interface, zone, or routing sections at all) -- need a full show running-config pull for the real underlying device, not another filtered slice",LDN-SEC-M1A-WMS-01_20260709_062106.config
LDN-SEC-M1A-WMS-02,ASA,1,"Only a partial/filtered export exists (no interface, zone, or routing sections at all) -- need a full show running-config pull for the real underlying device, not another filtered slice",LDN-SEC-M1A-WMS-02_20260709_075003.config
LUM-SEC-M1A-WMS-01,ASA,1,"Only a partial/filtered export exists (no interface, zone, or routing sections at all) -- need a full show running-config pull for the real underlying device, not another filtered slice",LUM-SEC-M1A-WMS-01_20260709_072347.config
LUM-SEC-M1A-WMS-02,ASA,1,"Only a partial/filtered export exists (no interface, zone, or routing sections at all) -- need a full show running-config pull for the real underlying device, not another filtered slice",LUM-SEC-M1A-WMS-02_20260709_070124.config
MID-FW-OFFICEEXT,ASA,1,"Only a partial/filtered export exists (no interface, zone, or routing sections at all) -- need a full show running-config pull for the real underlying device, not another filtered slice",MID-FW-OFFICEEXT.config
NAA-SEC-M1A-WMS-01,ASA,1,"Only a partial/filtered export exists (no interface, zone, or routing sections at all) -- need a full show running-config pull for the real underlying device, not another filtered slice",NAA-SEC-M1A-WMS-01_20260709_072010.config
NOV-SEC-M1A-WMS-01,ASA,1,"Only a partial/filtered export exists (no interface, zone, or routing sections at all) -- need a full show running-config pull for the real underlying device, not another filtered slice",NOV-SEC-M1A-WMS-01_20260709_071730.config
NOV-SEC-M1A-WMS-02,ASA,1,"Only a partial/filtered export exists (no interface, zone, or routing sections at all) -- need a full show running-config pull for the real underlying device, not another filtered slice",NOV-SEC-M1A-WMS-02_20260709_075144.config
NSF-SEC-M1A-WMS-01,ASA,1,"Only a partial/filtered export exists (no interface, zone, or routing sections at all) -- need a full show running-config pull for the real underlying device, not another filtered slice",NSF-SEC-M1A-WMS-01_20260709_060013.config
NSF-SEC-M1A-WMS-02,ASA,1,"Only a partial/filtered export exists (no interface, zone, or routing sections at all) -- need a full show running-config pull for the real underlying device, not another filtered slice",NSF-SEC-M1A-WMS-02_20260709_070851.config
ORA-SEC-M1A-WMS-01,ASA,1,"Only a partial/filtered export exists (no interface, zone, or routing sections at all) -- need a full show running-config pull for the real underlying device, not another filtered slice",ORA-SEC-M1A-WMS-01_20260709_063732.config
ORA-SEC-M1A-WMS-02,ASA,1,"Only a partial/filtered export exists (no interface, zone, or routing sections at all) -- need a full show running-config pull for the real underlying device, not another filtered slice",ORA-SEC-M1A-WMS-02_20260709_072652.config
PAT-SEC-M1A-WMS-01,ASA,1,"Only a partial/filtered export exists (no interface, zone, or routing sections at all) -- need a full show running-config pull for the real underlying device, not another filtered slice",PAT-SEC-M1A-WMS-01_20260709_070445.config
PAT-SEC-M1A-WMS-02,ASA,1,"Only a partial/filtered export exists (no interface, zone, or routing sections at all) -- need a full show running-config pull for the real underlying device, not another filtered slice",PAT-SEC-M1A-WMS-02_20260709_062107.config
PAZSHDC-SEC-EXT-AET-02,ASA,1,"Only a partial/filtered export exists (no interface, zone, or routing sections at all) -- need a full show running-config pull for the real underlying device, not another filtered slice",PAZSHDC-SEC-EXT-AET-02.config
PAZSHDC-SEC-EXT-NET-01-PRI,ASA,1,"Only a partial/filtered export exists (no interface, zone, or routing sections at all) -- need a full show running-config pull for the real underlying device, not another filtered slice",PAZSHDC-SEC-EXT-NET-01-PRI.config
PAZSHDC-SEC-EXTCTE-01,ASA,1,"Only a partial/filtered export exists (no interface, zone, or routing sections at all) -- need a full show running-config pull for the real underlying device, not another filtered slice",PAZSHDC-SEC-EXTCTE-01.config
PAZSHDC-SEC-EXXT-AET-01,ASA,1,"Only a partial/filtered export exists (no interface, zone, or routing sections at all) -- need a full show running-config pull for the real underlying device, not another filtered slice",PAZSHDC-SEC-EXXT-AET-01.config
PAZSHDC-SEC-EXXT-CTE-01,ASA,1,"Only a partial/filtered export exists (no interface, zone, or routing sections at all) -- need a full show running-config pull for the real underlying device, not another filtered slice",PAZSHDC-SEC-EXXT-CTE-01_20260709_062225.config
PAZSHDC-SEC-EXXT-CTE-02,ASA,1,"Only a partial/filtered export exists (no interface, zone, or routing sections at all) -- need a full show running-config pull for the real underlying device, not another filtered slice",PAZSHDC-SEC-EXXT-CTE-02_20260709_071132.config
PAZSHDC-SEC-EXXT-MPLSWEST-01-Alorica,ASA,1,"Only a partial/filtered export exists (no interface, zone, or routing sections at all) -- need a full show running-config pull for the real underlying device, not another filtered slice",PAZSHDC-SEC-EXXT-MPLSWEST-01-Alorica_20260624_081004.config
PAZSHDC-SEC-EXXT-MPLSWEST-01-Anthem,ASA,1,"Only a partial/filtered export exists (no interface, zone, or routing sections at all) -- need a full show running-config pull for the real underlying device, not another filtered slice",PAZSHDC-SEC-EXXT-MPLSWEST-01-Anthem_20260624_070859.config
PAZSHDC-SEC-EXXT-MPLSWEST-01-Capgemini,ASA,1,"Only a partial/filtered export exists (no interface, zone, or routing sections at all) -- need a full show running-config pull for the real underlying device, not another filtered slice",PAZSHDC-SEC-EXXT-MPLSWEST-01-Capgemini_20260624_091715.config
PAZSHDC-SEC-EXXT-MPLSWEST-01-Cognizant,ASA,1,"Only a partial/filtered export exists (no interface, zone, or routing sections at all) -- need a full show running-config pull for the real underlying device, not another filtered slice",PAZSHDC-SEC-EXXT-MPLSWEST-01-Cognizant_20260624_091059.config
PAZSHDC-SEC-EXXT-MPLSWEST-01-Concentrix,ASA,1,"Only a partial/filtered export exists (no interface, zone, or routing sections at all) -- need a full show running-config pull for the real underlying device, not another filtered slice",PAZSHDC-SEC-EXXT-MPLSWEST-01-Concentrix_20260624_070659.config
PAZSHDC-SEC-EXXT-MPLSWEST-01-Conduent,ASA,1,"Only a partial/filtered export exists (no interface, zone, or routing sections at all) -- need a full show running-config pull for the real underlying device, not another filtered slice",PAZSHDC-SEC-EXXT-MPLSWEST-01-Conduent_20260624_081526.config
PAZSHDC-SEC-EXXT-MPLSWEST-01-Everise,ASA,1,"Only a partial/filtered export exists (no interface, zone, or routing sections at all) -- need a full show running-config pull for the real underlying device, not another filtered slice",PAZSHDC-SEC-EXXT-MPLSWEST-01-Everise_20260709_072446.config
PAZSHDC-SEC-EXXT-MPLSWEST-01-Genpact,ASA,1,"Only a partial/filtered export exists (no interface, zone, or routing sections at all) -- need a full show running-config pull for the real underlying device, not another filtered slice",PAZSHDC-SEC-EXXT-MPLSWEST-01-Genpact_20260624_081558.config
PAZSHDC-SEC-EXXT-MPLSWEST-01-Jointventure_Redoak,ASA,1,"Only a partial/filtered export exists (no interface, zone, or routing sections at all) -- need a full show running-config pull for the real underlying device, not another filtered slice",PAZSHDC-SEC-EXXT-MPLSWEST-01-Jointventure_Redoak_20260624_075207.config
PAZSHDC-SEC-EXXT-MPLSWEST-01-OSH,ASA,1,"Only a partial/filtered export exists (no interface, zone, or routing sections at all) -- need a full show running-config pull for the real underlying device, not another filtered slice",PAZSHDC-SEC-EXXT-MPLSWEST-01-OSH_20260624_084026.config
PAZSHDC-SEC-EXXT-MPLSWEST-01-TCS,ASA,1,"Only a partial/filtered export exists (no interface, zone, or routing sections at all) -- need a full show running-config pull for the real underlying device, not another filtered slice",PAZSHDC-SEC-EXXT-MPLSWEST-01-TCS_20260624_075832.config
PAZSHDC-SEC-EXXT-MPLSWEST-01-Teleperformance,ASA,1,"Only a partial/filtered export exists (no interface, zone, or routing sections at all) -- need a full show running-config pull for the real underlying device, not another filtered slice",PAZSHDC-SEC-EXXT-MPLSWEST-01-Teleperformance_20260624_072446.config
PAZSHDC-SEC-EXXT-MPLSWEST-01-Wellpoint,ASA,1,"Only a partial/filtered export exists (no interface, zone, or routing sections at all) -- need a full show running-config pull for the real underlying device, not another filtered slice",PAZSHDC-SEC-EXXT-MPLSWEST-01-Wellpoint_20260624_082200.config
PAZSHDC-SEC-EXXT-MPLSWEST-01-WorldPay,ASA,1,"Only a partial/filtered export exists (no interface, zone, or routing sections at all) -- need a full show running-config pull for the real underlying device, not another filtered slice",PAZSHDC-SEC-EXXT-MPLSWEST-01-WorldPay_20260624_070202.config
PAZSHDC-SEC-EXXT-MPLSWEST-02-Alorica,ASA,1,"Only a partial/filtered export exists (no interface, zone, or routing sections at all) -- need a full show running-config pull for the real underlying device, not another filtered slice",PAZSHDC-SEC-EXXT-MPLSWEST-02-Alorica_20260624_084334.config
PAZSHDC-SEC-EXXT-MPLSWEST-02-Anthem,ASA,1,"Only a partial/filtered export exists (no interface, zone, or routing sections at all) -- need a full show running-config pull for the real underlying device, not another filtered slice",PAZSHDC-SEC-EXXT-MPLSWEST-02-Anthem_20260624_075510.config
PAZSHDC-SEC-EXXT-MPLSWEST-02-Capgemini,ASA,1,"Only a partial/filtered export exists (no interface, zone, or routing sections at all) -- need a full show running-config pull for the real underlying device, not another filtered slice",PAZSHDC-SEC-EXXT-MPLSWEST-02-Capgemini_20260624_074107.config
PAZSHDC-SEC-EXXT-MPLSWEST-02-Cognizant,ASA,1,"Only a partial/filtered export exists (no interface, zone, or routing sections at all) -- need a full show running-config pull for the real underlying device, not another filtered slice",PAZSHDC-SEC-EXXT-MPLSWEST-02-Cognizant_20260624_072959.config
PAZSHDC-SEC-EXXT-MPLSWEST-02-Concentrix,ASA,1,"Only a partial/filtered export exists (no interface, zone, or routing sections at all) -- need a full show running-config pull for the real underlying device, not another filtered slice",PAZSHDC-SEC-EXXT-MPLSWEST-02-Concentrix_20260624_090947.config
PAZSHDC-SEC-EXXT-MPLSWEST-02-Conduent,ASA,1,"Only a partial/filtered export exists (no interface, zone, or routing sections at all) -- need a full show running-config pull for the real underlying device, not another filtered slice",PAZSHDC-SEC-EXXT-MPLSWEST-02-Conduent_20260624_082908.config
PAZSHDC-SEC-EXXT-MPLSWEST-02-Everise,ASA,1,"Only a partial/filtered export exists (no interface, zone, or routing sections at all) -- need a full show running-config pull for the real underlying device, not another filtered slice",PAZSHDC-SEC-EXXT-MPLSWEST-02-Everise_20260709_060847.config
PAZSHDC-SEC-EXXT-MPLSWEST-02-Fiserv,ASA,1,"Only a partial/filtered export exists (no interface, zone, or routing sections at all) -- need a full show running-config pull for the real underlying device, not another filtered slice",PAZSHDC-SEC-EXXT-MPLSWEST-02-Fiserv_20260624_080005.config
PAZSHDC-SEC-EXXT-MPLSWEST-02-Genpact,ASA,1,"Only a partial/filtered export exists (no interface, zone, or routing sections at all) -- need a full show running-config pull for the real underlying device, not another filtered slice",PAZSHDC-SEC-EXXT-MPLSWEST-02-Genpact_20260624_080346.config
PAZSHDC-SEC-EXXT-MPLSWEST-02-Jointventure_Redoak,ASA,1,"Only a partial/filtered export exists (no interface, zone, or routing sections at all) -- need a full show running-config pull for the real underlying device, not another filtered slice",PAZSHDC-SEC-EXXT-MPLSWEST-02-Jointventure_Redoak_20260624_074848.config
PAZSHDC-SEC-EXXT-MPLSWEST-02-OSH,ASA,1,"Only a partial/filtered export exists (no interface, zone, or routing sections at all) -- need a full show running-config pull for the real underlying device, not another filtered slice",PAZSHDC-SEC-EXXT-MPLSWEST-02-OSH_20260624_080517.config
PAZSHDC-SEC-EXXT-MPLSWEST-02-TCS,ASA,1,"Only a partial/filtered export exists (no interface, zone, or routing sections at all) -- need a full show running-config pull for the real underlying device, not another filtered slice",PAZSHDC-SEC-EXXT-MPLSWEST-02-TCS_20260624_092635.config
PAZSHDC-SEC-EXXT-MPLSWEST-02-Teleperformance,ASA,1,"Only a partial/filtered export exists (no interface, zone, or routing sections at all) -- need a full show running-config pull for the real underlying device, not another filtered slice",PAZSHDC-SEC-EXXT-MPLSWEST-02-Teleperformance_20260624_092056.config
PAZSHDC-SEC-EXXT-MPLSWEST-02-Wellpoint,ASA,1,"Only a partial/filtered export exists (no interface, zone, or routing sections at all) -- need a full show running-config pull for the real underlying device, not another filtered slice",PAZSHDC-SEC-EXXT-MPLSWEST-02-Wellpoint_20260623_091651.config
PAZSHDC-SEC-EXXT-MPLSWEST-02-WorldPay,ASA,1,"Only a partial/filtered export exists (no interface, zone, or routing sections at all) -- need a full show running-config pull for the real underlying device, not another filtered slice",PAZSHDC-SEC-EXXT-MPLSWEST-02-WorldPay_20260624_080648.config
PAZSHDC-SEC-EXXT-NET4WIR-01XAact,ASA,2,"Only a partial/filtered export exists (no interface, zone, or routing sections at all) -- need a full show running-config pull for the real underlying device, not another filtered slice",PAZSHDC-SEC-EXXT-NET4WIR-01XAact_20260622_024303.config
PAZSHDC-SEC-EXXT-NET4WIR-01XAstby,ASA,1,"Only a partial/filtered export exists (no interface, zone, or routing sections at all) -- need a full show running-config pull for the real underlying device, not another filtered slice",PAZSHDC-SEC-EXXT-NET4WIR-01XAstby_20260622_070152.config
PAZSHDC-SEC-EXXT-NET4WIR-01XAtest-textXAact,ASA,1,"Only a partial/filtered export exists (no interface, zone, or routing sections at all) -- need a full show running-config pull for the real underlying device, not another filtered slice",PAZSHDC-SEC-EXXT-NET4WIR-01XAtest-textXAact_20260622_024303.config
PAZSHDC-SEC-EXXT-NET4WIR-01XAtest-textXAstby,ASA,1,"Only a partial/filtered export exists (no interface, zone, or routing sections at all) -- need a full show running-config pull for the real underlying device, not another filtered slice",PAZSHDC-SEC-EXXT-NET4WIR-01XAtest-textXAstby_20260622_065412.config
PAZSHDC-SEC-EXXT-VPN-01,ASA,1,"Only a partial/filtered export exists (no interface, zone, or routing sections at all) -- need a full show running-config pull for the real underlying device, not another filtered slice",PAZSHDC-SEC-EXXT-VPN-01_20260709_063703.config
PAZSHDC-SEC-EXXT-VPN-02,ASA,1,"Only a partial/filtered export exists (no interface, zone, or routing sections at all) -- need a full show running-config pull for the real underlying device, not another filtered slice",PAZSHDC-SEC-EXXT-VPN-02_20260709_060752.config
PAZSHDC-SEC-EXXTATG-01,ASA,1,"Only a partial/filtered export exists (no interface, zone, or routing sections at all) -- need a full show running-config pull for the real underlying device, not another filtered slice",PAZSHDC-SEC-EXXTATG-01_20260715_061828.config
PAZSHDC-SEC-EXXTATG-02,ASA,1,"Only a partial/filtered export exists (no interface, zone, or routing sections at all) -- need a full show running-config pull for the real underlying device, not another filtered slice",PAZSHDC-SEC-EXXTATG-02_20260715_062555.config
PAZSHDC-SEC-EXXTFTD-01,FTD,1,"Only a partial/filtered export exists (no interface, zone, or routing sections at all) -- need a full show running-config pull for the real underlying device, not another filtered slice",PAZSHDC-SEC-EXXTFTD-01_20260324_125446.config
PAZSHDC-SEC-EXXTFTD-02,FTD,1,"Only a partial/filtered export exists (no interface, zone, or routing sections at all) -- need a full show running-config pull for the real underlying device, not another filtered slice",PAZSHDC-SEC-EXXTFTD-02_20260323_092115.config
PAZSHDC-SEC-EXXTFTD-03,FTD,1,"Only a partial/filtered export exists (no interface, zone, or routing sections at all) -- need a full show running-config pull for the real underlying device, not another filtered slice",PAZSHDC-SEC-EXXTFTD-03_20260324_060335.config
PAZSHDC-SEC-EXXTFTD-04,FTD,1,"Only a partial/filtered export exists (no interface, zone, or routing sections at all) -- need a full show running-config pull for the real underlying device, not another filtered slice",PAZSHDC-SEC-EXXTFTD-04_20260324_103154.config
PAZSHDC-SEC-EXXTRSIA-01,ASA,1,"Only a partial/filtered export exists (no interface, zone, or routing sections at all) -- need a full show running-config pull for the real underlying device, not another filtered slice",PAZSHDC-SEC-EXXTRSIA-01_20260709_064403.config
PAZSHDC-SEC-EXXTRSIA-02,ASA,1,"Only a partial/filtered export exists (no interface, zone, or routing sections at all) -- need a full show running-config pull for the real underlying device, not another filtered slice",PAZSHDC-SEC-EXXTRSIA-02_20260709_073345.config
PAZSHDC-SEC-EXXTSIPA-01,ASA,1,"Only a partial/filtered export exists (no interface, zone, or routing sections at all) -- need a full show running-config pull for the real underlying device, not another filtered slice",PAZSHDC-SEC-EXXTSIPA-01_20260709_073439.config
PAZSHDC-SEC-EXXTSIPA-02,ASA,1,"Only a partial/filtered export exists (no interface, zone, or routing sections at all) -- need a full show running-config pull for the real underlying device, not another filtered slice",PAZSHDC-SEC-EXXTSIPA-02_20260707_073914.config
PAZSHDC-SEC-EXXTWIR-PA-01,ASA,1,"Only a partial/filtered export exists (no interface, zone, or routing sections at all) -- need a full show running-config pull for the real underlying device, not another filtered slice",PAZSHDC-SEC-EXXTWIR-PA-01.config
PAZSHDC-SEC-INT-CTE-01,ASA,1,"Only a partial/filtered export exists (no interface, zone, or routing sections at all) -- need a full show running-config pull for the real underlying device, not another filtered slice",PAZSHDC-SEC-INT-CTE-01.config
PAZSHDC-SEC-INT-CTE-02,ASA,1,"Only a partial/filtered export exists (no interface, zone, or routing sections at all) -- need a full show running-config pull for the real underlying device, not another filtered slice",PAZSHDC-SEC-INT-CTE-02.config
PAZSHDC-SEC-INTATG-01,ASA,1,"Only a partial/filtered export exists (no interface, zone, or routing sections at all) -- need a full show running-config pull for the real underlying device, not another filtered slice",PAZSHDC-SEC-INTATG-01_20260715_070846.config
PAZSHDC-SEC-INTATG-02,ASA,1,"Only a partial/filtered export exists (no interface, zone, or routing sections at all) -- need a full show running-config pull for the real underlying device, not another filtered slice",PAZSHDC-SEC-INTATG-02_20260715_061412.config
PAZSHDC-SEC-INTEXP-01,ASA,1,"Only a partial/filtered export exists (no interface, zone, or routing sections at all) -- need a full show running-config pull for the real underlying device, not another filtered slice",PAZSHDC-SEC-INTEXP-01.config
PAZSHDC-SEC-INTEXXP-02,ASA,1,"Only a partial/filtered export exists (no interface, zone, or routing sections at all) -- need a full show running-config pull for the real underlying device, not another filtered slice",PAZSHDC-SEC-INTEXXP-02_20260709_074931.config
PAZSHDC-SEC-INTPCI-01-vlan100,ASA,1,"Only a partial/filtered export exists (no interface, zone, or routing sections at all) -- need a full show running-config pull for the real underlying device, not another filtered slice",PAZSHDC-SEC-INTPCI-01-vlan100_20260715_063839.config
PAZSHDC-SEC-INTPCI-01-vlan113,ASA,1,"Only a partial/filtered export exists (no interface, zone, or routing sections at all) -- need a full show running-config pull for the real underlying device, not another filtered slice",PAZSHDC-SEC-INTPCI-01-vlan113_20260715_110339.config
PAZSHDC-SEC-INTPCI-01-vlan114,ASA,1,"Only a partial/filtered export exists (no interface, zone, or routing sections at all) -- need a full show running-config pull for the real underlying device, not another filtered slice",PAZSHDC-SEC-INTPCI-01-vlan114_20260715_091547.config
PAZSHDC-SEC-INTPCI-01-vlan33,ASA,1,"Only a partial/filtered export exists (no interface, zone, or routing sections at all) -- need a full show running-config pull for the real underlying device, not another filtered slice",PAZSHDC-SEC-INTPCI-01-vlan33_20260715_065326.config
PAZSHDC-SEC-INTPCI-01-vlan35,ASA,1,"Only a partial/filtered export exists (no interface, zone, or routing sections at all) -- need a full show running-config pull for the real underlying device, not another filtered slice",PAZSHDC-SEC-INTPCI-01-vlan35_20260715_071517.config
PAZSHDC-SEC-INTPCI-02-vlan100,ASA,1,"Only a partial/filtered export exists (no interface, zone, or routing sections at all) -- need a full show running-config pull for the real underlying device, not another filtered slice",PAZSHDC-SEC-INTPCI-02-vlan100_20260714_133825.config
PAZSHDC-SEC-INTPCI-02-vlan113,ASA,1,"Only a partial/filtered export exists (no interface, zone, or routing sections at all) -- need a full show running-config pull for the real underlying device, not another filtered slice",PAZSHDC-SEC-INTPCI-02-vlan113_20260715_103309.config
PAZSHDC-SEC-INTPCI-02-vlan114,ASA,1,"Only a partial/filtered export exists (no interface, zone, or routing sections at all) -- need a full show running-config pull for the real underlying device, not another filtered slice",PAZSHDC-SEC-INTPCI-02-vlan114_20260715_083539.config
PAZSHDC-SEC-INTPCI-02-vlan33,ASA,1,"Only a partial/filtered export exists (no interface, zone, or routing sections at all) -- need a full show running-config pull for the real underlying device, not another filtered slice",PAZSHDC-SEC-INTPCI-02-vlan33_20260715_062230.config
PAZSHDC-SEC-INTPCI-02-vlan35,ASA,1,"Only a partial/filtered export exists (no interface, zone, or routing sections at all) -- need a full show running-config pull for the real underlying device, not another filtered slice",PAZSHDC-SEC-INTPCI-02-vlan35_20260715_060150.config
PAZSHDC-SEC-UMSPRD-01,ASA,1,"Only a partial/filtered export exists (no interface, zone, or routing sections at all) -- need a full show running-config pull for the real underlying device, not another filtered slice",PAZSHDC-SEC-UMSPRD-01_20260709_065914.config
PAZSHDC-SEC-UMSPRD-02,ASA,1,"Only a partial/filtered export exists (no interface, zone, or routing sections at all) -- need a full show running-config pull for the real underlying device, not another filtered slice",PAZSHDC-SEC-UMSPRD-02_20260709_073056.config
PPRCASP-SEC-MDF-SEMA-01-A,ASA,1,"Only a partial/filtered export exists (no interface, zone, or routing sections at all) -- need a full show running-config pull for the real underlying device, not another filtered slice",PPRCASP-SEC-MDF-SEMA-01-A_20260715_074316.config
PPRCASP-SEC-MDF-SEMA-01-S,ASA,1,"Only a partial/filtered export exists (no interface, zone, or routing sections at all) -- need a full show running-config pull for the real underlying device, not another filtered slice",PPRCASP-SEC-MDF-SEMA-01-S_20260715_063306.config
PRIWSDCSECINT-PBM-RETAIL-01,ASA,1,"Only a partial/filtered export exists (no interface, zone, or routing sections at all) -- need a full show running-config pull for the real underlying device, not another filtered slice",PRIWSDCSECINT-PBM-RETAIL-01.config
RAZSHDC-SEC-ENCWEST-01,ASA,1,"Only a partial/filtered export exists (no interface, zone, or routing sections at all) -- need a full show running-config pull for the real underlying device, not another filtered slice",RAZSHDC-SEC-ENCWEST-01.config
RAZSHDC-SEC-ENCWEST-02,ASA,1,"Only a partial/filtered export exists (no interface, zone, or routing sections at all) -- need a full show running-config pull for the real underlying device, not another filtered slice",RAZSHDC-SEC-ENCWEST-02.config
RAZSHDC-SEC-INTRXXC-01,ASA,3,"Only a partial/filtered export exists (no interface, zone, or routing sections at all) -- need a full show running-config pull for the real underlying device, not another filtered slice",RAZSHDC-SEC-INTRXXC-01.config
RAZSHDC-SEC-INTRXXC-02,ASA,3,"Only a partial/filtered export exists (no interface, zone, or routing sections at all) -- need a full show running-config pull for the real underlying device, not another filtered slice",RAZSHDC-SEC-INTRXXC-02.config
RRICMCP-SEC-EXXT-MPLSEAST-01-MedHok,ASA,1,"Only a partial/filtered export exists (no interface, zone, or routing sections at all) -- need a full show running-config pull for the real underlying device, not another filtered slice",RRICMCP-SEC-EXXT-MPLSEAST-01-MedHok_20260709_060030.config
RRICMCP-SEC-EXXT-MPLSEAST-01-OSH,ASA,1,"Only a partial/filtered export exists (no interface, zone, or routing sections at all) -- need a full show running-config pull for the real underlying device, not another filtered slice",RRICMCP-SEC-EXXT-MPLSEAST-01-OSH_20260624_091900.config
RRICMCP-SEC-EXXT-MPLSEAST-02-MedHok,ASA,1,"Only a partial/filtered export exists (no interface, zone, or routing sections at all) -- need a full show running-config pull for the real underlying device, not another filtered slice",RRICMCP-SEC-EXXT-MPLSEAST-02-MedHok_20260709_065924.config
RRICMCP-SEC-EXXT-MPLSEAST-02-OSH,ASA,1,"Only a partial/filtered export exists (no interface, zone, or routing sections at all) -- need a full show running-config pull for the real underlying device, not another filtered slice",RRICMCP-SEC-EXXT-MPLSEAST-02-OSH_20260624_082538.config
RRICMCP-SEC-EXXT-MPLSEAST-02-Omnicare,ASA,1,"Only a partial/filtered export exists (no interface, zone, or routing sections at all) -- need a full show running-config pull for the real underlying device, not another filtered slice",RRICMCP-SEC-EXXT-MPLSEAST-02-Omnicare_20260709_065708.config
RRICMCP-SEC-INTATG-01,ASA,1,"Only a partial/filtered export exists (no interface, zone, or routing sections at all) -- need a full show running-config pull for the real underlying device, not another filtered slice",RRICMCP-SEC-INTATG-01_20260713_075010.config
RRICMCP-SEC-INTATG-02,ASA,1,"Only a partial/filtered export exists (no interface, zone, or routing sections at all) -- need a full show running-config pull for the real underlying device, not another filtered slice",RRICMCP-SEC-INTATG-02.config
RRICMCP-SEC-INTRXXC-01,FTD,2,"Only a partial/filtered export exists (no interface, zone, or routing sections at all) -- need a full show running-config pull for the real underlying device, not another filtered slice",RRICMCP-SEC-INTRXXC-01.config
RRICMCP-SEC-INTRXXC-02,FTD,1,"Only a partial/filtered export exists (no interface, zone, or routing sections at all) -- need a full show running-config pull for the real underlying device, not another filtered slice",RRICMCP-SEC-INTRXXC-02_20260709_090001.config
RRICMCP-SEC-MPLEAST-01XAact,ASA,2,"Only a partial/filtered export exists (no interface, zone, or routing sections at all) -- need a full show running-config pull for the real underlying device, not another filtered slice",RRICMCP-SEC-MPLEAST-01XAact_20260709_080145.config
RRICMCP-SEC-MPLSEAST-01-Alorica,ASA,1,"Only a partial/filtered export exists (no interface, zone, or routing sections at all) -- need a full show running-config pull for the real underlying device, not another filtered slice",RRICMCP-SEC-MPLSEAST-01-Alorica_20260624_070058.config
RRICMCP-SEC-MPLSEAST-01-Anthem,ASA,1,"Only a partial/filtered export exists (no interface, zone, or routing sections at all) -- need a full show running-config pull for the real underlying device, not another filtered slice",RRICMCP-SEC-MPLSEAST-01-Anthem_20260624_072457.config
RRICMCP-SEC-MPLSEAST-01-Cognizant,ASA,1,"Only a partial/filtered export exists (no interface, zone, or routing sections at all) -- need a full show running-config pull for the real underlying device, not another filtered slice",RRICMCP-SEC-MPLSEAST-01-Cognizant_20260624_084753.config
RRICMCP-SEC-MPLSEAST-01-Concentrix,ASA,2,"Only a partial/filtered export exists (no interface, zone, or routing sections at all) -- need a full show running-config pull for the real underlying device, not another filtered slice",RRICMCP-SEC-MPLSEAST-01-Concentrix_20260624_082338.config
RRICMCP-SEC-MPLSEAST-01-Conduent,ASA,1,"Only a partial/filtered export exists (no interface, zone, or routing sections at all) -- need a full show running-config pull for the real underlying device, not another filtered slice",RRICMCP-SEC-MPLSEAST-01-Conduent_20260624_070931.config
RRICMCP-SEC-MPLSEAST-01-Everise,ASA,1,"Only a partial/filtered export exists (no interface, zone, or routing sections at all) -- need a full show running-config pull for the real underlying device, not another filtered slice",RRICMCP-SEC-MPLSEAST-01-Everise_20260624_084115.config
RRICMCP-SEC-MPLSEAST-01-Fiserv,ASA,1,"Only a partial/filtered export exists (no interface, zone, or routing sections at all) -- need a full show running-config pull for the real underlying device, not another filtered slice",RRICMCP-SEC-MPLSEAST-01-Fiserv_20260709_071837.config
RRICMCP-SEC-MPLSEAST-01-Genpact,ASA,1,"Only a partial/filtered export exists (no interface, zone, or routing sections at all) -- need a full show running-config pull for the real underlying device, not another filtered slice",RRICMCP-SEC-MPLSEAST-01-Genpact_20260624_095948.config
RRICMCP-SEC-MPLSEAST-01-Surescript,ASA,1,"Only a partial/filtered export exists (no interface, zone, or routing sections at all) -- need a full show running-config pull for the real underlying device, not another filtered slice",RRICMCP-SEC-MPLSEAST-01-Surescript_20260624_081144.config
RRICMCP-SEC-MPLSEAST-01-TCS,ASA,2,"Only a partial/filtered export exists (no interface, zone, or routing sections at all) -- need a full show running-config pull for the real underlying device, not another filtered slice",RRICMCP-SEC-MPLSEAST-01-TCS_20260624_073152.config
RRICMCP-SEC-MPLSEAST-01-Teleperformance,ASA,1,"Only a partial/filtered export exists (no interface, zone, or routing sections at all) -- need a full show running-config pull for the real underlying device, not another filtered slice",RRICMCP-SEC-MPLSEAST-01-Teleperformance_20260624_082043.config
RRICMCP-SEC-MPLSEAST-01-Wellpartner,ASA,2,"Only a partial/filtered export exists (no interface, zone, or routing sections at all) -- need a full show running-config pull for the real underlying device, not another filtered slice",RRICMCP-SEC-MPLSEAST-01-Wellpartner_20260624_071049.config
RRICMCP-SEC-MPLSEAST-02-Alorica,ASA,1,"Only a partial/filtered export exists (no interface, zone, or routing sections at all) -- need a full show running-config pull for the real underlying device, not another filtered slice",RRICMCP-SEC-MPLSEAST-02-Alorica_20260624_075913.config
RRICMCP-SEC-MPLSEAST-02-Anthem,ASA,2,"Only a partial/filtered export exists (no interface, zone, or routing sections at all) -- need a full show running-config pull for the real underlying device, not another filtered slice",RRICMCP-SEC-MPLSEAST-02-Anthem_20260624_081530.config
RRICMCP-SEC-MPLSEAST-02-Cognizant,ASA,1,"Only a partial/filtered export exists (no interface, zone, or routing sections at all) -- need a full show running-config pull for the real underlying device, not another filtered slice",RRICMCP-SEC-MPLSEAST-02-Cognizant_20260624_092325.config
RRICMCP-SEC-MPLSEAST-02-Concentrix,ASA,1,"Only a partial/filtered export exists (no interface, zone, or routing sections at all) -- need a full show running-config pull for the real underlying device, not another filtered slice",RRICMCP-SEC-MPLSEAST-02-Concentrix_20260624_070926.config
RRICMCP-SEC-MPLSEAST-02-Conduent,ASA,1,"Only a partial/filtered export exists (no interface, zone, or routing sections at all) -- need a full show running-config pull for the real underlying device, not another filtered slice",RRICMCP-SEC-MPLSEAST-02-Conduent_20260624_085231.config
RRICMCP-SEC-MPLSEAST-02-Everise,ASA,1,"Only a partial/filtered export exists (no interface, zone, or routing sections at all) -- need a full show running-config pull for the real underlying device, not another filtered slice",RRICMCP-SEC-MPLSEAST-02-Everise_20260624_074243.config
RRICMCP-SEC-MPLSEAST-02-Genpact,ASA,1,"Only a partial/filtered export exists (no interface, zone, or routing sections at all) -- need a full show running-config pull for the real underlying device, not another filtered slice",RRICMCP-SEC-MPLSEAST-02-Genpact_20260709_074933.config
RRICMCP-SEC-MPLSEAST-02-Surescript,ASA,1,"Only a partial/filtered export exists (no interface, zone, or routing sections at all) -- need a full show running-config pull for the real underlying device, not another filtered slice",RRICMCP-SEC-MPLSEAST-02-Surescript_20260624_073248.config
RRICMCP-SEC-MPLSEAST-02-TCS,ASA,2,"Only a partial/filtered export exists (no interface, zone, or routing sections at all) -- need a full show running-config pull for the real underlying device, not another filtered slice",RRICMCP-SEC-MPLSEAST-02-TCS_20260624_070831.config
RRICMCP-SEC-MPLSEAST-02-Teleperformance,ASA,1,"Only a partial/filtered export exists (no interface, zone, or routing sections at all) -- need a full show running-config pull for the real underlying device, not another filtered slice",RRICMCP-SEC-MPLSEAST-02-Teleperformance_20260624_071811.config
RRICMCP-SEC-MPLSEAST-02-Wellpartner,ASA,2,"Only a partial/filtered export exists (no interface, zone, or routing sections at all) -- need a full show running-config pull for the real underlying device, not another filtered slice",RRICMCP-SEC-MPLSEAST-02-Wellpartner_20260624_074945.config
RRICMDC-SEC-ENCEAST-01,ASA,1,"Only a partial/filtered export exists (no interface, zone, or routing sections at all) -- need a full show running-config pull for the real underlying device, not another filtered slice",RRICMDC-SEC-ENCEAST-01_20260708_063838.config
RRICMDC-SEC-ENCEAST-02,ASA,1,"Only a partial/filtered export exists (no interface, zone, or routing sections at all) -- need a full show running-config pull for the real underlying device, not another filtered slice",RRICMDC-SEC-ENCEAST-02_20260709_065126.config
RRICMDC-SEC-EXXTATG-01,ASA,1,"Only a partial/filtered export exists (no interface, zone, or routing sections at all) -- need a full show running-config pull for the real underlying device, not another filtered slice",RRICMDC-SEC-EXXTATG-01_20260709_072947.config
RRICMDC-SEC-EXXTATG-02,ASA,1,"Only a partial/filtered export exists (no interface, zone, or routing sections at all) -- need a full show running-config pull for the real underlying device, not another filtered slice",RRICMDC-SEC-EXXTATG-02_20260709_071934.config
RRICMDC-SEC-EXXTRSIA-01,ASA,1,"Only a partial/filtered export exists (no interface, zone, or routing sections at all) -- need a full show running-config pull for the real underlying device, not another filtered slice",RRICMDC-SEC-EXXTRSIA-01_20260709_075102.config
RRICMDC-SEC-EXXTRSIA-02,ASA,1,"Only a partial/filtered export exists (no interface, zone, or routing sections at all) -- need a full show running-config pull for the real underlying device, not another filtered slice",RRICMDC-SEC-EXXTRSIA-02_20260709_060304.config
RRICMDC-SEC-EXXTSIPA-01,ASA,1,"Only a partial/filtered export exists (no interface, zone, or routing sections at all) -- need a full show running-config pull for the real underlying device, not another filtered slice",RRICMDC-SEC-EXXTSIPA-01_20260709_073808.config
RRICMDC-SEC-EXXTSIPA-02,ASA,1,"Only a partial/filtered export exists (no interface, zone, or routing sections at all) -- need a full show running-config pull for the real underlying device, not another filtered slice",RRICMDC-SEC-EXXTSIPA-02_20260709_081747.config
RRICMDC-SEC-INT-PCI-01,ASA,1,"Only a partial/filtered export exists (no interface, zone, or routing sections at all) -- need a full show running-config pull for the real underlying device, not another filtered slice",RRICMDC-SEC-INT-PCI-01_20260709_072725.config
RRICMDC-SEC-INT-PCI-02,ASA,1,"Only a partial/filtered export exists (no interface, zone, or routing sections at all) -- need a full show running-config pull for the real underlying device, not another filtered slice",RRICMDC-SEC-INT-PCI-02_20260709_060225.config
RRICMDCSECINTFPRPCI-01,ASA,1,"Only a partial/filtered export exists (no interface, zone, or routing sections at all) -- need a full show running-config pull for the real underlying device, not another filtered slice",RRICMDCSECINTFPRPCI-01_20260709_084945.config
RRIWSCP-SEC-EXXT-DCOM-01,ASA,1,"Only a partial/filtered export exists (no interface, zone, or routing sections at all) -- need a full show running-config pull for the real underlying device, not another filtered slice",RRIWSCP-SEC-EXXT-DCOM-01.config
RRIWSCP-SEC-EXXT-DCOM-02,ASA,1,"Only a partial/filtered export exists (no interface, zone, or routing sections at all) -- need a full show running-config pull for the real underlying device, not another filtered slice",RRIWSCP-SEC-EXXT-DCOM-02.config
RRIWSCP-SEC-EXXTDCOMUAT-FTD-01,FTD,1,"Only a partial/filtered export exists (no interface, zone, or routing sections at all) -- need a full show running-config pull for the real underlying device, not another filtered slice",RRIWSCP-SEC-EXXTDCOMUAT-FTD-01.config
RRIWSCP-SEC-INT-EMPTEMP-02,FTD,1,"Only a partial/filtered export exists (no interface, zone, or routing sections at all) -- need a full show running-config pull for the real underlying device, not another filtered slice",RRIWSCP-SEC-INT-EMPTEMP-02_20260709_074844.config
RRIWSCP-SEC-INTDCOM-01,ASA,1,"Only a partial/filtered export exists (no interface, zone, or routing sections at all) -- need a full show running-config pull for the real underlying device, not another filtered slice",RRIWSCP-SEC-INTDCOM-01_20260709_060620.config
RRIWSCP-SEC-INTDCOM-02,ASA,1,"Only a partial/filtered export exists (no interface, zone, or routing sections at all) -- need a full show running-config pull for the real underlying device, not another filtered slice",RRIWSCP-SEC-INTDCOM-02_20260709_072920.config
RRIWSCP-SEC-INTDCOMPT-FTD-01,FTD,1,"Only a partial/filtered export exists (no interface, zone, or routing sections at all) -- need a full show running-config pull for the real underlying device, not another filtered slice",RRIWSCP-SEC-INTDCOMPT-FTD-01_20260715_061225.config
RRIWSCP-SEC-INTDCOMPT-FTD-02,FTD,1,"Only a partial/filtered export exists (no interface, zone, or routing sections at all) -- need a full show running-config pull for the real underlying device, not another filtered slice",RRIWSCP-SEC-INTDCOMPT-FTD-02_20260715_070230.config
RRIWSCP-SEC-INTDCOMUAT-FTD-01,FTD,1,"Only a partial/filtered export exists (no interface, zone, or routing sections at all) -- need a full show running-config pull for the real underlying device, not another filtered slice",RRIWSCP-SEC-INTDCOMUAT-FTD-01.config
RRIWSCP-SEC-STORELAB-01-DMVPN,ASA,1,"Only a partial/filtered export exists (no interface, zone, or routing sections at all) -- need a full show running-config pull for the real underlying device, not another filtered slice",RRIWSCP-SEC-STORELAB-01-DMVPN_20260709_062621.config
RRIWSCP-SEC-STORELAB-02-DMVPN,ASA,1,"Only a partial/filtered export exists (no interface, zone, or routing sections at all) -- need a full show running-config pull for the real underlying device, not another filtered slice",RRIWSCP-SEC-STORELAB-02-DMVPN_20260709_073514.config
RRIWSDC-SEC-EXXT-GUEST-01,ASA,1,"Only a partial/filtered export exists (no interface, zone, or routing sections at all) -- need a full show running-config pull for the real underlying device, not another filtered slice",RRIWSDC-SEC-EXXT-GUEST-01_20260709_064955.config
RRIWSDC-SEC-EXXTFTD-01,FTD,1,"Only a partial/filtered export exists (no interface, zone, or routing sections at all) -- need a full show running-config pull for the real underlying device, not another filtered slice",RRIWSDC-SEC-EXXTFTD-01_20260324_104215.config
RRIWSDC-SEC-EXXTFTD-02,FTD,1,"Only a partial/filtered export exists (no interface, zone, or routing sections at all) -- need a full show running-config pull for the real underlying device, not another filtered slice",RRIWSDC-SEC-EXXTFTD-02_20260323_092137.config
RRIWSDC-SEC-EXXTFTD-03,FTD,1,"Only a partial/filtered export exists (no interface, zone, or routing sections at all) -- need a full show running-config pull for the real underlying device, not another filtered slice",RRIWSDC-SEC-EXXTFTD-03_20260324_100239.config
RRIWSDC-SEC-EXXTFTD-04,FTD,1,"Only a partial/filtered export exists (no interface, zone, or routing sections at all) -- need a full show running-config pull for the real underlying device, not another filtered slice",RRIWSDC-SEC-EXXTFTD-04_20260324_073819.config
RRIWSDC-SEC-INTPCIFTD-01,FTD,1,"Only a partial/filtered export exists (no interface, zone, or routing sections at all) -- need a full show running-config pull for the real underlying device, not another filtered slice",RRIWSDC-SEC-INTPCIFTD-01_20260709_073845.config
RRIWSDC-SEC-INTPCIFTD-02,FTD,1,"Only a partial/filtered export exists (no interface, zone, or routing sections at all) -- need a full show running-config pull for the real underlying device, not another filtered slice",RRIWSDC-SEC-INTPCIFTD-02_20260709_060200.config
RRIWSDC-SEC-UMSPRD-01,ASA,1,"Only a partial/filtered export exists (no interface, zone, or routing sections at all) -- need a full show running-config pull for the real underlying device, not another filtered slice",RRIWSDC-SEC-UMSPRD-01_20260709_080200.config
RRIWSDC-SEC-UMSPRD-02,ASA,1,"Only a partial/filtered export exists (no interface, zone, or routing sections at all) -- need a full show running-config pull for the real underlying device, not another filtered slice",RRIWSDC-SEC-UMSPRD-02_20260709_070736.config
RVAASCP-SEC-SAP-01,ASA,2,"Only a partial/filtered export exists (no interface, zone, or routing sections at all) -- need a full show running-config pull for the real underlying device, not another filtered slice",RVAASCP-SEC-SAP-01.config
RVAASCP-SEC-SAP-02,ASA,1,"Only a partial/filtered export exists (no interface, zone, or routing sections at all) -- need a full show running-config pull for the real underlying device, not another filtered slice",RVAASCP-SEC-SAP-02_20260624_084415.config
SMR-SEC-M1A-WMS-01-A,ASA,1,"Only a partial/filtered export exists (no interface, zone, or routing sections at all) -- need a full show running-config pull for the real underlying device, not another filtered slice",SMR-SEC-M1A-WMS-01-A_20260709_064901.config
SMR-SEC-M1A-WMS-01-S,ASA,1,"Only a partial/filtered export exists (no interface, zone, or routing sections at all) -- need a full show running-config pull for the real underlying device, not another filtered slice",SMR-SEC-M1A-WMS-01-S_20260709_063223.config
TON-SEC-M1A-WMS-01,ASA,1,"Only a partial/filtered export exists (no interface, zone, or routing sections at all) -- need a full show running-config pull for the real underlying device, not another filtered slice",TON-SEC-M1A-WMS-01_20260709_060410.config
TON-SEC-M1A-WMS-02,ASA,1,"Only a partial/filtered export exists (no interface, zone, or routing sections at all) -- need a full show running-config pull for the real underlying device, not another filtered slice",TON-SEC-M1A-WMS-02_20260709_062954.config
VOB-SEC-M1A-WMS-01,ASA,1,"Only a partial/filtered export exists (no interface, zone, or routing sections at all) -- need a full show running-config pull for the real underlying device, not another filtered slice",VOB-SEC-M1A-WMS-01_20260709_061201.config
VOB-SEC-M1A-WMS-02,ASA,1,"Only a partial/filtered export exists (no interface, zone, or routing sections at all) -- need a full show running-config pull for the real underlying device, not another filtered slice",VOB-SEC-M1A-WMS-02_20260709_072925.config
WIN-DS-L2-EDMZ-1_new,ASA,1,"Only a partial/filtered export exists (no interface, zone, or routing sections at all) -- need a full show running-config pull for the real underlying device, not another filtered slice",WIN-DS-L2-EDMZ-1_new_20260422_064958.config
aln-fw-westcorp-a,ASA,1,"Only a partial/filtered export exists (no interface, zone, or routing sections at all) -- need a full show running-config pull for the real underlying device, not another filtered slice",aln-fw-westcorp-a_20260715_073135.config
aln-fw-westcorp-b,ASA,1,"Only a partial/filtered export exists (no interface, zone, or routing sections at all) -- need a full show running-config pull for the real underlying device, not another filtered slice",aln-fw-westcorp-b_20260715_061551.config
azhtrust01-vmss_11,ASA,1,"Only a partial/filtered export exists (no interface, zone, or routing sections at all) -- need a full show running-config pull for the real underlying device, not another filtered slice",azhtrust01-vmss_11_20260715_065248.config
azhtrust01-vmss_12,ASA,1,"Only a partial/filtered export exists (no interface, zone, or routing sections at all) -- need a full show running-config pull for the real underlying device, not another filtered slice",azhtrust01-vmss_12_20260715_064050.config
azhtrust01-vmss_13,ASA,1,"Only a partial/filtered export exists (no interface, zone, or routing sections at all) -- need a full show running-config pull for the real underlying device, not another filtered slice",azhtrust01-vmss_13_20260715_085356.config
azhtrust01-vmss_14,ASA,1,"Only a partial/filtered export exists (no interface, zone, or routing sections at all) -- need a full show running-config pull for the real underlying device, not another filtered slice",azhtrust01-vmss_14_20260715_075034.config
azhtrust02-vmss_14,ASA,1,"Only a partial/filtered export exists (no interface, zone, or routing sections at all) -- need a full show running-config pull for the real underlying device, not another filtered slice",azhtrust02-vmss_14_20260715_065340.config
azhtrust02-vmss_15,ASA,1,"Only a partial/filtered export exists (no interface, zone, or routing sections at all) -- need a full show running-config pull for the real underlying device, not another filtered slice",azhtrust02-vmss_15_20260713_060207.config
azhtrust02-vmss_16,ASA,1,"Only a partial/filtered export exists (no interface, zone, or routing sections at all) -- need a full show running-config pull for the real underlying device, not another filtered slice",azhtrust02-vmss_16_20260715_080658.config
azhtrust02-vmss_17,ASA,1,"Only a partial/filtered export exists (no interface, zone, or routing sections at all) -- need a full show running-config pull for the real underlying device, not another filtered slice",azhtrust02-vmss_17_20260715_070848.config
azhub000-vmss_10,ASA,1,"Only a partial/filtered export exists (no interface, zone, or routing sections at all) -- need a full show running-config pull for the real underlying device, not another filtered slice",azhub000-vmss_10_20260715_081401.config
azhub000-vmss_7,ASA,1,"Only a partial/filtered export exists (no interface, zone, or routing sections at all) -- need a full show running-config pull for the real underlying device, not another filtered slice",azhub000-vmss_7_20260715_065032.config
azhub000-vmss_8,ASA,1,"Only a partial/filtered export exists (no interface, zone, or routing sections at all) -- need a full show running-config pull for the real underlying device, not another filtered slice",azhub000-vmss_8_20260715_082828.config
azhub000-vmss_9,ASA,1,"Only a partial/filtered export exists (no interface, zone, or routing sections at all) -- need a full show running-config pull for the real underlying device, not another filtered slice",azhub000-vmss_9_20260715_060813.config
azhub001-vmss_10,ASA,1,"Only a partial/filtered export exists (no interface, zone, or routing sections at all) -- need a full show running-config pull for the real underlying device, not another filtered slice",azhub001-vmss_10_20260715_062658.config
azhub001-vmss_6,ASA,1,"Only a partial/filtered export exists (no interface, zone, or routing sections at all) -- need a full show running-config pull for the real underlying device, not another filtered slice",azhub001-vmss_6_20260715_113151.config
azhub001-vmss_8,ASA,1,"Only a partial/filtered export exists (no interface, zone, or routing sections at all) -- need a full show running-config pull for the real underlying device, not another filtered slice",azhub001-vmss_8_20260715_060018.config
azhub001-vmss_9,ASA,1,"Only a partial/filtered export exists (no interface, zone, or routing sections at all) -- need a full show running-config pull for the real underlying device, not another filtered slice",azhub001-vmss_9_20260715_111928.config
azhub002-vmss_12,ASA,1,"Only a partial/filtered export exists (no interface, zone, or routing sections at all) -- need a full show running-config pull for the real underlying device, not another filtered slice",azhub002-vmss_12_20260715_075741.config
azhub002-vmss_14,ASA,1,"Only a partial/filtered export exists (no interface, zone, or routing sections at all) -- need a full show running-config pull for the real underlying device, not another filtered slice",azhub002-vmss_14_20260715_070641.config
azhub002-vmss_15,ASA,1,"Only a partial/filtered export exists (no interface, zone, or routing sections at all) -- need a full show running-config pull for the real underlying device, not another filtered slice",azhub002-vmss_15_20260715_090556.config
azhub002-vmss_16,ASA,1,"Only a partial/filtered export exists (no interface, zone, or routing sections at all) -- need a full show running-config pull for the real underlying device, not another filtered slice",azhub002-vmss_16_20260715_060128.config
azhub003-vmss_5,ASA,1,"Only a partial/filtered export exists (no interface, zone, or routing sections at all) -- need a full show running-config pull for the real underlying device, not another filtered slice",azhub003-vmss_5_20260715_072631.config
azhub003-vmss_6,ASA,1,"Only a partial/filtered export exists (no interface, zone, or routing sections at all) -- need a full show running-config pull for the real underlying device, not another filtered slice",azhub003-vmss_6_20260715_081259.config
azhub003-vmss_7,ASA,1,"Only a partial/filtered export exists (no interface, zone, or routing sections at all) -- need a full show running-config pull for the real underlying device, not another filtered slice",azhub003-vmss_7_20260715_062748.config
azhub003-vmss_8,ASA,1,"Only a partial/filtered export exists (no interface, zone, or routing sections at all) -- need a full show running-config pull for the real underlying device, not another filtered slice",azhub003-vmss_8_20260715_092257.config
azhub012-ingress-usc-vmss_3,ASA,1,"Only a partial/filtered export exists (no interface, zone, or routing sections at all) -- need a full show running-config pull for the real underlying device, not another filtered slice",azhub012-ingress-usc-vmss_3_20260715_091834.config
azhub012-ingress-usc-vmss_4,ASA,1,"Only a partial/filtered export exists (no interface, zone, or routing sections at all) -- need a full show running-config pull for the real underlying device, not another filtered slice",azhub012-ingress-usc-vmss_4_20260715_074350.config
azhub012-ingress-usc-vmss_5,ASA,1,"Only a partial/filtered export exists (no interface, zone, or routing sections at all) -- need a full show running-config pull for the real underlying device, not another filtered slice",azhub012-ingress-usc-vmss_5_20260715_060359.config
azhub012-ingress-usc-vmss_6,ASA,1,"Only a partial/filtered export exists (no interface, zone, or routing sections at all) -- need a full show running-config pull for the real underlying device, not another filtered slice",azhub012-ingress-usc-vmss_6_20260715_070706.config
azhub013-egress-usc-vmss_0,ASA,1,"Only a partial/filtered export exists (no interface, zone, or routing sections at all) -- need a full show running-config pull for the real underlying device, not another filtered slice",azhub013-egress-usc-vmss_0_20260715_073355.config
azhub013-egress-usc-vmss_1,ASA,1,"Only a partial/filtered export exists (no interface, zone, or routing sections at all) -- need a full show running-config pull for the real underlying device, not another filtered slice",azhub013-egress-usc-vmss_1_20260715_065451.config
azhub013-egress-usc-vmss_2,ASA,1,"Only a partial/filtered export exists (no interface, zone, or routing sections at all) -- need a full show running-config pull for the real underlying device, not another filtered slice",azhub013-egress-usc-vmss_2_20260715_072631.config
azhub013-egress-usc-vmss_3,ASA,1,"Only a partial/filtered export exists (no interface, zone, or routing sections at all) -- need a full show running-config pull for the real underlying device, not another filtered slice",azhub013-egress-usc-vmss_3_20260715_065611.config
azhub014-ingress-use2-vmss_10,ASA,1,"Only a partial/filtered export exists (no interface, zone, or routing sections at all) -- need a full show running-config pull for the real underlying device, not another filtered slice",azhub014-ingress-use2-vmss_10_20260715_063555.config
azhub014-ingress-use2-vmss_7,ASA,1,"Only a partial/filtered export exists (no interface, zone, or routing sections at all) -- need a full show running-config pull for the real underlying device, not another filtered slice",azhub014-ingress-use2-vmss_7_20260715_072320.config
azhub014-ingress-use2-vmss_8,ASA,1,"Only a partial/filtered export exists (no interface, zone, or routing sections at all) -- need a full show running-config pull for the real underlying device, not another filtered slice",azhub014-ingress-use2-vmss_8_20260715_064610.config
azhub014-ingress-use2-vmss_9,ASA,1,"Only a partial/filtered export exists (no interface, zone, or routing sections at all) -- need a full show running-config pull for the real underlying device, not another filtered slice",azhub014-ingress-use2-vmss_9_20260715_071437.config
azhub015-egress-use2-vmss_0,ASA,1,"Only a partial/filtered export exists (no interface, zone, or routing sections at all) -- need a full show running-config pull for the real underlying device, not another filtered slice",azhub015-egress-use2-vmss_0_20260715_081049.config
azhub015-egress-use2-vmss_1,ASA,1,"Only a partial/filtered export exists (no interface, zone, or routing sections at all) -- need a full show running-config pull for the real underlying device, not another filtered slice",azhub015-egress-use2-vmss_1_20260715_064746.config
azhub015-egress-use2-vmss_2,ASA,1,"Only a partial/filtered export exists (no interface, zone, or routing sections at all) -- need a full show running-config pull for the real underlying device, not another filtered slice",azhub015-egress-use2-vmss_2_20260715_074849.config
azhub015-egress-use2-vmss_3,ASA,1,"Only a partial/filtered export exists (no interface, zone, or routing sections at all) -- need a full show running-config pull for the real underlying device, not another filtered slice",azhub015-egress-use2-vmss_3_20260715_080328.config
btn-fw-walmart-a,ASA,1,"Only a partial/filtered export exists (no interface, zone, or routing sections at all) -- need a full show running-config pull for the real underlying device, not another filtered slice",btn-fw-walmart-a_20260715_061928.config
btn-fw-walmart-b,ASA,1,"Only a partial/filtered export exists (no interface, zone, or routing sections at all) -- need a full show running-config pull for the real underlying device, not another filtered slice",btn-fw-walmart-b_20260715_074740.config
cae-fw-prodsvc-pa-a,PA,2,"Only a partial/filtered export exists (no interface, zone, or routing sections at all) -- need a full show running-config pull for the real underlying device, not another filtered slice",cae-fw-prodsvc-pa-a_20260423_074901.config
cae-fw-prodsvc-pa-b,PA,2,"Only a partial/filtered export exists (no interface, zone, or routing sections at all) -- need a full show running-config pull for the real underlying device, not another filtered slice",cae-fw-prodsvc-pa-b_20260423_081005.config
cae-fw-qasvc-pa-a,PA,1,"Only a partial/filtered export exists (no interface, zone, or routing sections at all) -- need a full show running-config pull for the real underlying device, not another filtered slice",cae-fw-qasvc-pa-a_20260423_061952.config
cae-fw-qasvc-pa-b,PA,2,"Only a partial/filtered export exists (no interface, zone, or routing sections at all) -- need a full show running-config pull for the real underlying device, not another filtered slice",cae-fw-qasvc-pa-b_20260423_072711.config
cmc-fw-hubprodglr-1,ASA,3,"Only a partial/filtered export exists (no interface, zone, or routing sections at all) -- need a full show running-config pull for the real underlying device, not another filtered slice",cmc-fw-hubprodglr-1_20260423_075620.config
cmc-fw-hubprodglr-2,ASA,3,"Only a partial/filtered export exists (no interface, zone, or routing sections at all) -- need a full show running-config pull for the real underlying device, not another filtered slice",cmc-fw-hubprodglr-2_20260423_065713.config
cme-fw-hubprodglr-1,ASA,3,"Only a partial/filtered export exists (no interface, zone, or routing sections at all) -- need a full show running-config pull for the real underlying device, not another filtered slice",cme-fw-hubprodglr-1_20260423_062726.config
cme-fw-hubprodglr-2,ASA,3,"Only a partial/filtered export exists (no interface, zone, or routing sections at all) -- need a full show running-config pull for the real underlying device, not another filtered slice",cme-fw-hubprodglr-2_20260423_062647.config
cme-fw-hubprodglr-3,ASA,2,"Only a partial/filtered export exists (no interface, zone, or routing sections at all) -- need a full show running-config pull for the real underlying device, not another filtered slice",cme-fw-hubprodglr-3_20260624_063238.config
cme-fw-hubprodglr-4,ASA,3,"Only a partial/filtered export exists (no interface, zone, or routing sections at all) -- need a full show running-config pull for the real underlying device, not another filtered slice",cme-fw-hubprodglr-4_20260423_081131.config
cme-fw-nonprodglr-1,ASA,3,"Only a partial/filtered export exists (no interface, zone, or routing sections at all) -- need a full show running-config pull for the real underlying device, not another filtered slice",cme-fw-nonprodglr-1_20260423_080039.config
cme-fw-nonprodglr-2,ASA,3,"Only a partial/filtered export exists (no interface, zone, or routing sections at all) -- need a full show running-config pull for the real underlying device, not another filtered slice",cme-fw-nonprodglr-2_20260423_074825.config
dvr-fw-westcorp-a,ASA,1,"Only a partial/filtered export exists (no interface, zone, or routing sections at all) -- need a full show running-config pull for the real underlying device, not another filtered slice",dvr-fw-westcorp-a_20260715_122536.config
dvr-fw-westcorp-b,ASA,1,"Only a partial/filtered export exists (no interface, zone, or routing sections at all) -- need a full show running-config pull for the real underlying device, not another filtered slice",dvr-fw-westcorp-b_20260715_103707.config
eclawseast-DR-shubegress-ftd-01,FTD,1,"Only a partial/filtered export exists (no interface, zone, or routing sections at all) -- need a full show running-config pull for the real underlying device, not another filtered slice",eclawseast-DR-shubegress-ftd-01_20260715_063920.config
eclawseast-DR-shubegress-ftd-02,FTD,1,"Only a partial/filtered export exists (no interface, zone, or routing sections at all) -- need a full show running-config pull for the real underlying device, not another filtered slice",eclawseast-DR-shubegress-ftd-02_20260715_065455.config
eclawseast-DR-shubegress-ftd-03,FTD,1,"Only a partial/filtered export exists (no interface, zone, or routing sections at all) -- need a full show running-config pull for the real underlying device, not another filtered slice",eclawseast-DR-shubegress-ftd-03_20260715_074743.config
eclawseast-DR-shubegress-ftd-04,FTD,1,"Only a partial/filtered export exists (no interface, zone, or routing sections at all) -- need a full show running-config pull for the real underlying device, not another filtered slice",eclawseast-DR-shubegress-ftd-04_20260715_083048.config
eclawseast-DR-shubingress-ftd-01,FTD,1,"Only a partial/filtered export exists (no interface, zone, or routing sections at all) -- need a full show running-config pull for the real underlying device, not another filtered slice",eclawseast-DR-shubingress-ftd-01_20260715_060813.config
eclawseast-DR-shubingress-ftd-02,FTD,1,"Only a partial/filtered export exists (no interface, zone, or routing sections at all) -- need a full show running-config pull for the real underlying device, not another filtered slice",eclawseast-DR-shubingress-ftd-02_20260715_064642.config
eclawseast-DR-shubingress-ftd-03,FTD,1,"Only a partial/filtered export exists (no interface, zone, or routing sections at all) -- need a full show running-config pull for the real underlying device, not another filtered slice",eclawseast-DR-shubingress-ftd-03_20260715_072453.config
eclawseast-DR-shubingress-ftd-04,FTD,1,"Only a partial/filtered export exists (no interface, zone, or routing sections at all) -- need a full show running-config pull for the real underlying device, not another filtered slice",eclawseast-DR-shubingress-ftd-04_20260715_060840.config
eclawseast-shubegress-ftd-01,FTD,1,"Only a partial/filtered export exists (no interface, zone, or routing sections at all) -- need a full show running-config pull for the real underlying device, not another filtered slice",eclawseast-shubegress-ftd-01_20260715_060300.config
eclawseast-shubegress-ftd-02,FTD,1,"Only a partial/filtered export exists (no interface, zone, or routing sections at all) -- need a full show running-config pull for the real underlying device, not another filtered slice",eclawseast-shubegress-ftd-02_20260715_090204.config
eclawseast-shubegress-ftd-03,FTD,1,"Only a partial/filtered export exists (no interface, zone, or routing sections at all) -- need a full show running-config pull for the real underlying device, not another filtered slice",eclawseast-shubegress-ftd-03_20260715_064143.config
eclawseast-shubegress-ftd-04,FTD,1,"Only a partial/filtered export exists (no interface, zone, or routing sections at all) -- need a full show running-config pull for the real underlying device, not another filtered slice",eclawseast-shubegress-ftd-04_20260715_060431.config
eclawseast-shubingress-ftd-01,FTD,1,"Only a partial/filtered export exists (no interface, zone, or routing sections at all) -- need a full show running-config pull for the real underlying device, not another filtered slice",eclawseast-shubingress-ftd-01_20260715_074742.config
eclawseast-shubingress-ftd-02,FTD,1,"Only a partial/filtered export exists (no interface, zone, or routing sections at all) -- need a full show running-config pull for the real underlying device, not another filtered slice",eclawseast-shubingress-ftd-02_20260715_064625.config
eclawseast-shubingress-ftd-03,FTD,1,"Only a partial/filtered export exists (no interface, zone, or routing sections at all) -- need a full show running-config pull for the real underlying device, not another filtered slice",eclawseast-shubingress-ftd-03_20260715_065738.config
eclawseast-shubingress-ftd-04,FTD,1,"Only a partial/filtered export exists (no interface, zone, or routing sections at all) -- need a full show running-config pull for the real underlying device, not another filtered slice",eclawseast-shubingress-ftd-04_20260715_084746.config
egc-use4-pci-ftd-01-vm,FTD,1,"Only a partial/filtered export exists (no interface, zone, or routing sections at all) -- need a full show running-config pull for the real underlying device, not another filtered slice",egc-use4-pci-ftd-01-vm_20260715_064158.config
egc-use4-teraprod-ftd-01,FTD,1,"Only a partial/filtered export exists (no interface, zone, or routing sections at all) -- need a full show running-config pull for the real underlying device, not another filtered slice",egc-use4-teraprod-ftd-01_20260715_101501.config
egc-use4-teraprod-ftd-02,FTD,1,"Only a partial/filtered export exists (no interface, zone, or routing sections at all) -- need a full show running-config pull for the real underlying device, not another filtered slice",egc-use4-teraprod-ftd-02_20260715_061835.config
egc-use4-teraprod-ftd-03,FTD,1,"Only a partial/filtered export exists (no interface, zone, or routing sections at all) -- need a full show running-config pull for the real underlying device, not another filtered slice",egc-use4-teraprod-ftd-03_20260715_070405.config
egc-use4-ztna-prod-01,FTD,1,"Only a partial/filtered export exists (no interface, zone, or routing sections at all) -- need a full show running-config pull for the real underlying device, not another filtered slice",egc-use4-ztna-prod-01_20260715_081323.config
egc-use4-ztna-prod-02,FTD,1,"Only a partial/filtered export exists (no interface, zone, or routing sections at all) -- need a full show running-config pull for the real underlying device, not another filtered slice",egc-use4-ztna-prod-02_20260715_061036.config
egc-use4-ztna-prod-03,FTD,1,"Only a partial/filtered export exists (no interface, zone, or routing sections at all) -- need a full show running-config pull for the real underlying device, not another filtered slice",egc-use4-ztna-prod-03_20260715_071829.config
egc-use4-ztna-prod-04,FTD,1,"Only a partial/filtered export exists (no interface, zone, or routing sections at all) -- need a full show running-config pull for the real underlying device, not another filtered slice",egc-use4-ztna-prod-04_20260715_081448.config
egc-use4-ztna-prod-05,FTD,1,"Only a partial/filtered export exists (no interface, zone, or routing sections at all) -- need a full show running-config pull for the real underlying device, not another filtered slice",egc-use4-ztna-prod-05_20260715_062853.config
egc-use4-ztna-prod-06,FTD,1,"Only a partial/filtered export exists (no interface, zone, or routing sections at all) -- need a full show running-config pull for the real underlying device, not another filtered slice",egc-use4-ztna-prod-06_20260715_060554.config
egc-usw2-pci-ftd-01-vm,FTD,1,"Only a partial/filtered export exists (no interface, zone, or routing sections at all) -- need a full show running-config pull for the real underlying device, not another filtered slice",egc-usw2-pci-ftd-01-vm_20260715_060301.config
egc-usw2-teraprod-ftd-01,FTD,1,"Only a partial/filtered export exists (no interface, zone, or routing sections at all) -- need a full show running-config pull for the real underlying device, not another filtered slice",egc-usw2-teraprod-ftd-01_20260715_065615.config
egc-usw2-teraprod-ftd-02,FTD,1,"Only a partial/filtered export exists (no interface, zone, or routing sections at all) -- need a full show running-config pull for the real underlying device, not another filtered slice",egc-usw2-teraprod-ftd-02_20260715_065842.config
egc-usw2-teraprod-ftd-03,FTD,1,"Only a partial/filtered export exists (no interface, zone, or routing sections at all) -- need a full show running-config pull for the real underlying device, not another filtered slice",egc-usw2-teraprod-ftd-03_20260715_061307.config
egc-usw2-ztna-prod-01,FTD,1,"Only a partial/filtered export exists (no interface, zone, or routing sections at all) -- need a full show running-config pull for the real underlying device, not another filtered slice",egc-usw2-ztna-prod-01_20260715_094558.config
egc-usw2-ztna-prod-02,FTD,1,"Only a partial/filtered export exists (no interface, zone, or routing sections at all) -- need a full show running-config pull for the real underlying device, not another filtered slice",egc-usw2-ztna-prod-02_20260715_060018.config
egc-usw2-ztna-prod-03,FTD,1,"Only a partial/filtered export exists (no interface, zone, or routing sections at all) -- need a full show running-config pull for the real underlying device, not another filtered slice",egc-usw2-ztna-prod-03_20260715_100458.config
egc-usw2-ztna-prod-04,FTD,1,"Only a partial/filtered export exists (no interface, zone, or routing sections at all) -- need a full show running-config pull for the real underlying device, not another filtered slice",egc-usw2-ztna-prod-04_20260715_060459.config
egc-usw2-ztna-prod-05,FTD,1,"Only a partial/filtered export exists (no interface, zone, or routing sections at all) -- need a full show running-config pull for the real underlying device, not another filtered slice",egc-usw2-ztna-prod-05_20260715_093727.config
egc-usw2-ztna-prod-06,FTD,1,"Only a partial/filtered export exists (no interface, zone, or routing sections at all) -- need a full show running-config pull for the real underlying device, not another filtered slice",egc-usw2-ztna-prod-06_20260715_062902.config
egcuse1rxchubprd-ftd-01-vm,FTD,1,"Only a partial/filtered export exists (no interface, zone, or routing sections at all) -- need a full show running-config pull for the real underlying device, not another filtered slice",egcuse1rxchubprd-ftd-01-vm.config
egcuse1rxchubprd-ftd-02-vm,FTD,1,"Only a partial/filtered export exists (no interface, zone, or routing sections at all) -- need a full show running-config pull for the real underlying device, not another filtered slice",egcuse1rxchubprd-ftd-02-vm.config
egcuse1rxchubprd-ftd-03-vm,FTD,1,"Only a partial/filtered export exists (no interface, zone, or routing sections at all) -- need a full show running-config pull for the real underlying device, not another filtered slice",egcuse1rxchubprd-ftd-03-vm.config
egcuse1rxchubprd-ftd-04-vm,FTD,1,"Only a partial/filtered export exists (no interface, zone, or routing sections at all) -- need a full show running-config pull for the real underlying device, not another filtered slice",egcuse1rxchubprd-ftd-04-vm.config
egcuse1rxchubpt-ftd-01-vm,FTD,1,"Only a partial/filtered export exists (no interface, zone, or routing sections at all) -- need a full show running-config pull for the real underlying device, not another filtered slice",egcuse1rxchubpt-ftd-01-vm.config
egcuse1rxchubpt-ftd-02-vm,FTD,1,"Only a partial/filtered export exists (no interface, zone, or routing sections at all) -- need a full show running-config pull for the real underlying device, not another filtered slice",egcuse1rxchubpt-ftd-02-vm.config
egcuse1rxchubpt-ftd-03-vm,FTD,1,"Only a partial/filtered export exists (no interface, zone, or routing sections at all) -- need a full show running-config pull for the real underlying device, not another filtered slice",egcuse1rxchubpt-ftd-03-vm.config
egcuse1rxchubpt-ftd-04-vm,FTD,1,"Only a partial/filtered export exists (no interface, zone, or routing sections at all) -- need a full show running-config pull for the real underlying device, not another filtered slice",egcuse1rxchubpt-ftd-04-vm.config
egcuse4rxchubprd-ftd-01-vm,FTD,1,"Only a partial/filtered export exists (no interface, zone, or routing sections at all) -- need a full show running-config pull for the real underlying device, not another filtered slice",egcuse4rxchubprd-ftd-01-vm.config
egcuse4rxchubprd-ftd-02-vm,FTD,1,"Only a partial/filtered export exists (no interface, zone, or routing sections at all) -- need a full show running-config pull for the real underlying device, not another filtered slice",egcuse4rxchubprd-ftd-02-vm.config
egcuse4rxchubprd-ftd-03-vm,FTD,1,"Only a partial/filtered export exists (no interface, zone, or routing sections at all) -- need a full show running-config pull for the real underlying device, not another filtered slice",egcuse4rxchubprd-ftd-03-vm.config
egcuse4rxchubprd-ftd-04-vm,FTD,1,"Only a partial/filtered export exists (no interface, zone, or routing sections at all) -- need a full show running-config pull for the real underlying device, not another filtered slice",egcuse4rxchubprd-ftd-04-vm.config
egcuse4rxchubpt-ftd-01-vm,FTD,1,"Only a partial/filtered export exists (no interface, zone, or routing sections at all) -- need a full show running-config pull for the real underlying device, not another filtered slice",egcuse4rxchubpt-ftd-01-vm.config
egcuse4rxchubpt-ftd-02-vm,FTD,1,"Only a partial/filtered export exists (no interface, zone, or routing sections at all) -- need a full show running-config pull for the real underlying device, not another filtered slice",egcuse4rxchubpt-ftd-02-vm.config
egcuse4rxchubpt-ftd-03-vm,FTD,1,"Only a partial/filtered export exists (no interface, zone, or routing sections at all) -- need a full show running-config pull for the real underlying device, not another filtered slice",egcuse4rxchubpt-ftd-03-vm.config
egcuse4rxchubpt-ftd-04-vm,FTD,1,"Only a partial/filtered export exists (no interface, zone, or routing sections at all) -- need a full show running-config pull for the real underlying device, not another filtered slice",egcuse4rxchubpt-ftd-04-vm.config
egcuse4sechubprodftd-01-vm,FTD,1,"Only a partial/filtered export exists (no interface, zone, or routing sections at all) -- need a full show running-config pull for the real underlying device, not another filtered slice",egcuse4sechubprodftd-01-vm.config
egcuse4sechubprodftd-02-vm,FTD,1,"Only a partial/filtered export exists (no interface, zone, or routing sections at all) -- need a full show running-config pull for the real underlying device, not another filtered slice",egcuse4sechubprodftd-02-vm.config
egcuse4sechubprodftd-03-vm,FTD,1,"Only a partial/filtered export exists (no interface, zone, or routing sections at all) -- need a full show running-config pull for the real underlying device, not another filtered slice",egcuse4sechubprodftd-03-vm.config
egcuse4sechubprodftd-04-vm,FTD,1,"Only a partial/filtered export exists (no interface, zone, or routing sections at all) -- need a full show running-config pull for the real underlying device, not another filtered slice",egcuse4sechubprodftd-04-vm.config
egcusw2sechubprodftd-01-vm,FTD,1,"Only a partial/filtered export exists (no interface, zone, or routing sections at all) -- need a full show running-config pull for the real underlying device, not another filtered slice",egcusw2sechubprodftd-01-vm.config
egcusw2sechubprodftd-02-vm,FTD,1,"Only a partial/filtered export exists (no interface, zone, or routing sections at all) -- need a full show running-config pull for the real underlying device, not another filtered slice",egcusw2sechubprodftd-02-vm.config
egcusw2sechubprodftd-03-vm,FTD,1,"Only a partial/filtered export exists (no interface, zone, or routing sections at all) -- need a full show running-config pull for the real underlying device, not another filtered slice",egcusw2sechubprodftd-03-vm.config
egcusw2sechubprodftd-04-vm,FTD,1,"Only a partial/filtered export exists (no interface, zone, or routing sections at all) -- need a full show running-config pull for the real underlying device, not another filtered slice",egcusw2sechubprodftd-04-vm.config
lgs1501-01b-0104-ext-pa-fw01,PA,1,"Only a partial/filtered export exists (no interface, zone, or routing sections at all) -- need a full show running-config pull for the real underlying device, not another filtered slice",lgs1501-01b-0104-ext-pa-fw01.config
lgs1501-01b-0105-ext-dmz-pa-fw01,PA,1,"Only a partial/filtered export exists (no interface, zone, or routing sections at all) -- need a full show running-config pull for the real underlying device, not another filtered slice",lgs1501-01b-0105-ext-dmz-pa-fw01.config
lsn-fw-hgs-a,ASA,1,"Only a partial/filtered export exists (no interface, zone, or routing sections at all) -- need a full show running-config pull for the real underlying device, not another filtered slice",lsn-fw-hgs-a_20260715_062148.config
lsn-fw-hgs-b,ASA,1,"Only a partial/filtered export exists (no interface, zone, or routing sections at all) -- need a full show running-config pull for the real underlying device, not another filtered slice",lsn-fw-hgs-b_20260715_072441.config
mid-ds-l3-edmz-1_old,ASA,1,"Only a partial/filtered export exists (no interface, zone, or routing sections at all) -- need a full show running-config pull for the real underlying device, not another filtered slice",mid-ds-l3-edmz-1_old_20260422_080415.config
mid-fw-cvs-a,ASA,1,"Only a partial/filtered export exists (no interface, zone, or routing sections at all) -- need a full show running-config pull for the real underlying device, not another filtered slice",mid-fw-cvs-a_20260623_060120.config
mid-fw-cvs-active,ASA,1,"Only a partial/filtered export exists (no interface, zone, or routing sections at all) -- need a full show running-config pull for the real underlying device, not another filtered slice",mid-fw-cvs-active.config
mid-fw-cvs-b,ASA,1,"Only a partial/filtered export exists (no interface, zone, or routing sections at all) -- need a full show running-config pull for the real underlying device, not another filtered slice",mid-fw-cvs-b_20260623_072650.config
mid-fw-equinix,FTD,1,"Only a partial/filtered export exists (no interface, zone, or routing sections at all) -- need a full show running-config pull for the real underlying device, not another filtered slice",mid-fw-equinix.config
mid-fw-equinix-a,ASA,1,"Only a partial/filtered export exists (no interface, zone, or routing sections at all) -- need a full show running-config pull for the real underlying device, not another filtered slice",mid-fw-equinix-a_20260617_073902.config
mid-fw-equinix-b,ASA,1,"Only a partial/filtered export exists (no interface, zone, or routing sections at all) -- need a full show running-config pull for the real underlying device, not another filtered slice",mid-fw-equinix-b_20260623_065151.config
mid-fw-equinix-chassis-1,ASA,1,"Only a partial/filtered export exists (no interface, zone, or routing sections at all) -- need a full show running-config pull for the real underlying device, not another filtered slice",mid-fw-equinix-chassis-1_20260623_065820.config
mid-fw-equinix-chassis-2,ASA,1,"Only a partial/filtered export exists (no interface, zone, or routing sections at all) -- need a full show running-config pull for the real underlying device, not another filtered slice",mid-fw-equinix-chassis-2_20260623_071357.config
mid-fw-inetdmz-1,ASA,1,"Only a partial/filtered export exists (no interface, zone, or routing sections at all) -- need a full show running-config pull for the real underlying device, not another filtered slice",mid-fw-inetdmz-1_20260623_063748.config
mid-fw-inetdmz-2,ASA,1,"Only a partial/filtered export exists (no interface, zone, or routing sections at all) -- need a full show running-config pull for the real underlying device, not another filtered slice",mid-fw-inetdmz-2_20260623_060256.config
mid-fw-pciprod-1,FTD,1,"Only a partial/filtered export exists (no interface, zone, or routing sections at all) -- need a full show running-config pull for the real underlying device, not another filtered slice",mid-fw-pciprod-1_20260623_060737.config
mid-mds-chkpt-2,ASA,1,"Only a partial/filtered export exists (no interface, zone, or routing sections at all) -- need a full show running-config pull for the real underlying device, not another filtered slice",mid-mds-chkpt-2_20260623_072651.config
mid-mlm-chkpt-1,ASA,1,"Only a partial/filtered export exists (no interface, zone, or routing sections at all) -- need a full show running-config pull for the real underlying device, not another filtered slice",mid-mlm-chkpt-1_20260623_080741.config
mna-fw-concentrix2-a,ASA,1,"Only a partial/filtered export exists (no interface, zone, or routing sections at all) -- need a full show running-config pull for the real underlying device, not another filtered slice",mna-fw-concentrix2-a_20260715_071224.config
mna-fw-concentrix2-c,ASA,1,"Only a partial/filtered export exists (no interface, zone, or routing sections at all) -- need a full show running-config pull for the real underlying device, not another filtered slice",mna-fw-concentrix2-c_20260715_072741.config
muc-fw-hgs-a,ASA,1,"Only a partial/filtered export exists (no interface, zone, or routing sections at all) -- need a full show running-config pull for the real underlying device, not another filtered slice",muc-fw-hgs-a_20260715_114412.config
muc-fw-hgs-b,ASA,1,"Only a partial/filtered export exists (no interface, zone, or routing sections at all) -- need a full show running-config pull for the real underlying device, not another filtered slice",muc-fw-hgs-b_20260715_084704.config
pazshdcsecextrs-1XAact,ASA,1,"Only a partial/filtered export exists (no interface, zone, or routing sections at all) -- need a full show running-config pull for the real underlying device, not another filtered slice",pazshdcsecextrs-1XAact_20260715_074950.config
pazshdcsecumsptnp-1,ASA,1,"Only a partial/filtered export exists (no interface, zone, or routing sections at all) -- need a full show running-config pull for the real underlying device, not another filtered slice",pazshdcsecumsptnp-1_20260709_065324.config
pdc-fw-dmz-a,ASA,1,"Only a partial/filtered export exists (no interface, zone, or routing sections at all) -- need a full show running-config pull for the real underlying device, not another filtered slice",pdc-fw-dmz-a.config
pdc-fw-dmz-b,ASA,1,"Only a partial/filtered export exists (no interface, zone, or routing sections at all) -- need a full show running-config pull for the real underlying device, not another filtered slice",pdc-fw-dmz-b.config
pdc-fw-glr-a,ASA,1,"Only a partial/filtered export exists (no interface, zone, or routing sections at all) -- need a full show running-config pull for the real underlying device, not another filtered slice",pdc-fw-glr-a.config
pdc-fw-glr-b,ASA,1,"Only a partial/filtered export exists (no interface, zone, or routing sections at all) -- need a full show running-config pull for the real underlying device, not another filtered slice",pdc-fw-glr-b.config
pdc-fw-inetdmz-a,ASA,1,"Only a partial/filtered export exists (no interface, zone, or routing sections at all) -- need a full show running-config pull for the real underlying device, not another filtered slice",pdc-fw-inetdmz-a.config
pdc-fw-inetdmz-b,ASA,1,"Only a partial/filtered export exists (no interface, zone, or routing sections at all) -- need a full show running-config pull for the real underlying device, not another filtered slice",pdc-fw-inetdmz-b.config
pdc-fw-services-a,ASA,1,"Only a partial/filtered export exists (no interface, zone, or routing sections at all) -- need a full show running-config pull for the real underlying device, not another filtered slice",pdc-fw-services-a.config
pdc-fw-services-b,ASA,1,"Only a partial/filtered export exists (no interface, zone, or routing sections at all) -- need a full show running-config pull for the real underlying device, not another filtered slice",pdc-fw-services-b.config
qny-fw-hgs-a,ASA,1,"Only a partial/filtered export exists (no interface, zone, or routing sections at all) -- need a full show running-config pull for the real underlying device, not another filtered slice",qny-fw-hgs-a_20260715_063939.config
qny-fw-hgs-b,ASA,1,"Only a partial/filtered export exists (no interface, zone, or routing sections at all) -- need a full show running-config pull for the real underlying device, not another filtered slice",qny-fw-hgs-b_20260715_072000.config
qzc-fw-concentrix2-a,ASA,1,"Only a partial/filtered export exists (no interface, zone, or routing sections at all) -- need a full show running-config pull for the real underlying device, not another filtered slice",qzc-fw-concentrix2-a_20260715_062237.config
qzc-fw-concentrix2-b,ASA,1,"Only a partial/filtered export exists (no interface, zone, or routing sections at all) -- need a full show running-config pull for the real underlying device, not another filtered slice",qzc-fw-concentrix2-b_20260715_062325.config
qzn-fw-accenture-a,ASA,1,"Only a partial/filtered export exists (no interface, zone, or routing sections at all) -- need a full show running-config pull for the real underlying device, not another filtered slice",qzn-fw-accenture-a_20260715_073113.config
qzn-fw-accenture-b,ASA,1,"Only a partial/filtered export exists (no interface, zone, or routing sections at all) -- need a full show running-config pull for the real underlying device, not another filtered slice",qzn-fw-accenture-b_20260715_091054.config
win-fw-cvs-a,ASA,1,"Only a partial/filtered export exists (no interface, zone, or routing sections at all) -- need a full show running-config pull for the real underlying device, not another filtered slice",win-fw-cvs-a_20260617_062532.config
win-fw-cvs-active,ASA,1,"Only a partial/filtered export exists (no interface, zone, or routing sections at all) -- need a full show running-config pull for the real underlying device, not another filtered slice",win-fw-cvs-active.config
win-fw-cvs-b,ASA,1,"Only a partial/filtered export exists (no interface, zone, or routing sections at all) -- need a full show running-config pull for the real underlying device, not another filtered slice",win-fw-cvs-b_20260623_075030.config
win-fw-officeext,ASA,1,"Only a partial/filtered export exists (no interface, zone, or routing sections at all) -- need a full show running-config pull for the real underlying device, not another filtered slice",win-fw-officeext.config
win-fw-pcidev-1,FTD,1,"Only a partial/filtered export exists (no interface, zone, or routing sections at all) -- need a full show running-config pull for the real underlying device, not another filtered slice",win-fw-pcidev-1.config
win-fw-pcidev-2,FTD,1,"Only a partial/filtered export exists (no interface, zone, or routing sections at all) -- need a full show running-config pull for the real underlying device, not another filtered slice",win-fw-pcidev-2.config
win-fw-proxy-1,FTD,1,"Only a partial/filtered export exists (no interface, zone, or routing sections at all) -- need a full show running-config pull for the real underlying device, not another filtered slice",win-fw-proxy-1.config
win-fw-proxy-2,FTD,1,"Only a partial/filtered export exists (no interface, zone, or routing sections at all) -- need a full show running-config pull for the real underlying device, not another filtered slice",win-fw-proxy-2.config
win-mlm-chkpt-1,ASA,1,"Only a partial/filtered export exists (no interface, zone, or routing sections at all) -- need a full show running-config pull for the real underlying device, not another filtered slice",win-mlm-chkpt-1_20260623_065544.config
